ind,hap
ind0,h1
ind0,h2
ind100,h1
ind100,h2
ind101,h1
ind101,h2
ind102,h1
ind102,h2
ind103,h1
ind103,h2
ind104,h1
ind104,h2
ind105,h1
ind105,h2
ind106,h1
ind106,h2
ind107,h1
ind107,h2
ind108,h1
ind108,h2
ind109,h1
ind109,h2
ind10,h1
ind10,h2
ind110,h1
ind110,h2
ind111,h1
ind111,h2
ind112,h1
ind112,h2
ind113,h1
ind113,h2
ind114,h1
ind114,h2
ind115,h1
ind115,h2
ind116,h1
ind116,h2
ind117,h1
ind117,h2
ind118,h1
ind118,h2
ind119,h1
ind119,h2
ind11,h1
ind11,h2
ind120,h1
ind120,h2
ind121,h1
ind121,h2
ind122,h1
ind122,h2
ind123,h1
ind123,h2
ind124,h1
ind124,h2
ind125,h1
ind125,h2
ind126,h1
ind126,h2
ind127,h1
ind127,h2
ind128,h1
ind128,h2
ind129,h1
ind129,h2
ind12,h1
ind12,h2
ind130,h1
ind130,h2
ind131,h1
ind131,h2
ind132,h1
ind132,h2
ind133,h1
ind133,h2
ind134,h1
ind134,h2
ind135,h1
ind135,h2
ind136,h1
ind136,h2
ind137,h1
ind137,h2
ind138,h1
ind138,h2
ind139,h1
ind139,h2
ind13,h1
ind13,h2
ind140,h1
ind140,h2
ind141,h1
ind141,h2
ind142,h1
ind142,h2
ind143,h1
ind143,h2
ind144,h1
ind144,h2
ind145,h1
ind145,h2
ind146,h1
ind146,h2
ind147,h1
ind147,h2
ind148,h1
ind148,h2
ind149,h1
ind149,h2
ind14,h1
ind14,h2
ind150,h1
ind150,h2
ind151,h1
ind151,h2
ind152,h1
ind152,h2
ind153,h1
ind153,h2
ind154,h1
ind154,h2
ind155,h1
ind155,h2
ind156,h1
ind156,h2
ind157,h1
ind157,h2
ind158,h1
ind158,h2
ind159,h1
ind159,h2
ind15,h1
ind15,h2
ind160,h1
ind160,h2
ind161,h1
ind161,h2
ind162,h1
ind162,h2
ind163,h1
ind163,h2
ind164,h1
ind164,h2
ind165,h1
ind165,h2
ind166,h1
ind166,h2
ind167,h1
ind167,h2
ind168,h1
ind168,h2
ind169,h1
ind169,h2
ind16,h1
ind16,h2
ind170,h1
ind170,h2
ind171,h1
ind171,h2
ind172,h1
ind172,h2
ind173,h1
ind173,h2
ind174,h1
ind174,h2
ind175,h1
ind175,h2
ind176,h1
ind176,h2
ind177,h1
ind177,h2
ind178,h1
ind178,h2
ind179,h1
ind179,h2
ind17,h1
ind17,h2
ind180,h1
ind180,h2
ind181,h1
ind181,h2
ind182,h1
ind182,h2
ind183,h1
ind183,h2
ind184,h1
ind184,h2
ind185,h1
ind185,h2
ind186,h1
ind186,h2
ind187,h1
ind187,h2
ind188,h1
ind188,h2
ind189,h1
ind189,h2
ind18,h1
ind18,h2
ind190,h1
ind190,h2
ind191,h1
ind191,h2
ind192,h1
ind192,h2
ind193,h1
ind193,h2
ind194,h1
ind194,h2
ind195,h1
ind195,h2
ind196,h1
ind196,h2
ind197,h1
ind197,h2
ind198,h1
ind198,h2
ind199,h1
ind199,h2
ind19,h1
ind19,h2
ind1,h1
ind1,h2
ind200,h1
ind200,h2
ind201,h1
ind201,h2
ind202,h1
ind202,h2
ind203,h1
ind203,h2
ind204,h1
ind204,h2
ind205,h1
ind205,h2
ind206,h1
ind206,h2
ind207,h1
ind207,h2
ind208,h1
ind208,h2
ind209,h1
ind209,h2
ind20,h1
ind20,h2
ind210,h1
ind210,h2
ind211,h1
ind211,h2
ind212,h1
ind212,h2
ind213,h1
ind213,h2
ind214,h1
ind214,h2
ind215,h1
ind215,h2
ind216,h1
ind216,h2
ind217,h1
ind217,h2
ind218,h1
ind218,h2
ind219,h1
ind219,h2
ind21,h1
ind21,h2
ind220,h1
ind220,h2
ind221,h1
ind221,h2
ind222,h1
ind222,h2
ind223,h1
ind223,h2
ind224,h1
ind224,h2
ind225,h1
ind225,h2
ind226,h1
ind226,h2
ind227,h1
ind227,h2
ind228,h1
ind228,h2
ind229,h1
ind229,h2
ind22,h1
ind22,h2
ind230,h1
ind230,h2
ind231,h1
ind231,h2
ind232,h1
ind232,h2
ind233,h1
ind233,h2
ind234,h1
ind234,h2
ind235,h1
ind235,h2
ind236,h1
ind236,h2
ind237,h1
ind237,h2
ind238,h1
ind238,h2
ind239,h1
ind239,h2
ind23,h1
ind23,h2
ind240,h1
ind240,h2
ind241,h1
ind241,h2
ind242,h1
ind242,h2
ind243,h1
ind243,h2
ind244,h1
ind244,h2
ind245,h1
ind245,h2
ind246,h1
ind246,h2
ind247,h1
ind247,h2
ind248,h1
ind248,h2
ind249,h1
ind249,h2
ind24,h1
ind24,h2
ind250,h1
ind250,h2
ind251,h1
ind251,h2
ind252,h1
ind252,h2
ind253,h1
ind253,h2
ind254,h1
ind254,h2
ind255,h1
ind255,h2
ind256,h1
ind256,h2
ind257,h1
ind257,h2
ind258,h1
ind258,h2
ind259,h1
ind259,h2
ind25,h1
ind25,h2
ind260,h1
ind260,h2
ind261,h1
ind261,h2
ind262,h1
ind262,h2
ind263,h1
ind263,h2
ind264,h1
ind264,h2
ind265,h1
ind265,h2
ind266,h1
ind266,h2
ind267,h1
ind267,h2
ind268,h1
ind268,h2
ind269,h1
ind269,h2
ind26,h1
ind26,h2
ind270,h1
ind270,h2
ind271,h1
ind271,h2
ind272,h1
ind272,h2
ind273,h1
ind273,h2
ind274,h1
ind274,h2
ind275,h1
ind275,h2
ind276,h1
ind276,h2
ind277,h1
ind277,h2
ind278,h1
ind278,h2
ind279,h1
ind279,h2
ind27,h1
ind27,h2
ind280,h1
ind280,h2
ind281,h1
ind281,h2
ind282,h1
ind282,h2
ind283,h1
ind283,h2
ind284,h1
ind284,h2
ind285,h1
ind285,h2
ind286,h1
ind286,h2
ind287,h1
ind287,h2
ind288,h1
ind288,h2
ind289,h1
ind289,h2
ind28,h1
ind28,h2
ind290,h1
ind290,h2
ind291,h1
ind291,h2
ind292,h1
ind292,h2
ind293,h1
ind293,h2
ind294,h1
ind294,h2
ind295,h1
ind295,h2
ind296,h1
ind296,h2
ind297,h1
ind297,h2
ind298,h1
ind298,h2
ind299,h1
ind299,h2
ind29,h1
ind29,h2
ind2,h1
ind2,h2
ind300,h1
ind300,h2
ind301,h1
ind301,h2
ind302,h1
ind302,h2
ind303,h1
ind303,h2
ind304,h1
ind304,h2
ind305,h1
ind305,h2
ind306,h1
ind306,h2
ind307,h1
ind307,h2
ind308,h1
ind308,h2
ind309,h1
ind309,h2
ind30,h1
ind30,h2
ind310,h1
ind310,h2
ind311,h1
ind311,h2
ind312,h1
ind312,h2
ind313,h1
ind313,h2
ind31,h1
ind31,h2
ind32,h1
ind32,h2
ind33,h1
ind33,h2
ind34,h1
ind34,h2
ind35,h1
ind35,h2
ind36,h1
ind36,h2
ind37,h1
ind37,h2
ind38,h1
ind38,h2
ind39,h1
ind39,h2
ind3,h1
ind3,h2
ind40,h1
ind40,h2
ind41,h1
ind41,h2
ind42,h1
ind42,h2
ind43,h1
ind43,h2
ind44,h1
ind44,h2
ind45,h1
ind45,h2
ind46,h1
ind46,h2
ind47,h1
ind47,h2
ind48,h1
ind48,h2
ind49,h1
ind49,h2
ind4,h1
ind4,h2
ind50,h1
ind50,h2
ind51,h1
ind51,h2
ind52,h1
ind52,h2
ind53,h1
ind53,h2
ind54,h1
ind54,h2
ind55,h1
ind55,h2
ind56,h1
ind56,h2
ind57,h1
ind57,h2
ind58,h1
ind58,h2
ind59,h1
ind59,h2
ind5,h1
ind5,h2
ind60,h1
ind60,h2
ind61,h1
ind61,h2
ind62,h1
ind62,h2
ind63,h1
ind63,h2
ind64,h1
ind64,h2
ind65,h1
ind65,h2
ind66,h1
ind66,h2
ind67,h1
ind67,h2
ind68,h1
ind68,h2
ind69,h1
ind69,h2
ind6,h1
ind6,h2
ind70,h1
ind70,h2
ind71,h1
ind71,h2
ind72,h1
ind72,h2
ind73,h1
ind73,h2
ind74,h1
ind74,h2
ind75,h1
ind75,h2
ind76,h1
ind76,h2
ind77,h1
ind77,h2
ind78,h1
ind78,h2
ind79,h1
ind79,h2
ind7,h1
ind7,h2
ind80,h1
ind80,h2
ind81,h1
ind81,h2
ind82,h1
ind82,h2
ind83,h1
ind83,h2
ind84,h1
ind84,h2
ind85,h1
ind85,h2
ind86,h1
ind86,h2
ind87,h1
ind87,h2
ind88,h1
ind88,h2
ind89,h1
ind89,h2
ind8,h1
ind8,h2
ind90,h1
ind90,h2
ind91,h1
ind91,h2
ind92,h1
ind92,h2
ind93,h1
ind93,h2
ind94,h1
ind94,h2
ind95,h1
ind95,h2
ind96,h1
ind96,h2
ind97,h1
ind97,h2
ind98,h1
ind98,h2
ind99,h1
ind99,h2
ind9,h1
ind9,h2